{
  "schemaVersion": 1,
  "generatedAt": "2026-06-25T05:14:46.404Z",
  "baselinePath": "packages/benchmarks/baseline.json",
  "artifactPath": "coordination/artifacts/WM-0042/benchmarks/benchmark-results.json",
  "sampleCount": 5,
  "warmupCount": 1,
  "environment": {
    "nodeVersion": "v24.13.1",
    "pnpmVersion": "11.8.0",
    "osRelease": "10.0.26200",
    "platform": "win32",
    "arch": "x64",
    "cpuModel": "AMD Ryzen 7 9700X 8-Core Processor             ",
    "cpuCount": 16,
    "gitCommit": "5a7bb3539243f4bf8fd0525b8d51d4cef76f569d"
  },
  "results": [
    {
      "name": "empty-tick",
      "sampleElapsedMs": [
        5.423500000000018,
        5.401099999999985,
        5.3992000000000075,
        5.383499999999998,
        5.441800000000001
      ],
      "stats": {
        "sampleCount": 5,
        "minElapsedMs": 5.383499999999998,
        "medianElapsedMs": 5.401099999999985,
        "maxElapsedMs": 5.441800000000001,
        "meanElapsedMs": 5.409820000000002
      },
      "invariants": {
        "requestedTicks": 1000000,
        "advancedTicks": 1000000,
        "finalTick": 1000000,
        "commandHash": "0x340ca71c",
        "worldHash": "0x74d843e0",
        "randomStreamCount": 1
      },
      "comparison": {
        "name": "empty-tick",
        "status": "ok",
        "actualMedianElapsedMs": 5.401099999999985,
        "baselineMedianElapsedMs": 8.176,
        "regressionPercent": -33.93957925636026,
        "warnRegressionPercent": 10,
        "failRegressionPercent": 20,
        "invariantMismatches": []
      }
    },
    {
      "name": "entity-store",
      "sampleElapsedMs": [
        239.4651,
        236.7677,
        237.7183,
        236.1726000000001,
        235.43900000000008
      ],
      "stats": {
        "sampleCount": 5,
        "minElapsedMs": 235.43900000000008,
        "medianElapsedMs": 236.7677,
        "maxElapsedMs": 239.4651,
        "meanElapsedMs": 237.11254000000002
      },
      "invariants": {
        "capacity": 8192,
        "queuedCommands": 8192,
        "commitResultCount": 8192,
        "appliedCommands": 8192,
        "failedCommands": 0,
        "attachedComponents": 8192,
        "iterationChecksum": 134209536
      },
      "comparison": {
        "name": "entity-store",
        "status": "ok",
        "actualMedianElapsedMs": 236.7677,
        "baselineMedianElapsedMs": 244.507,
        "regressionPercent": -3.165267252062319,
        "warnRegressionPercent": 10,
        "failRegressionPercent": 20,
        "invariantMismatches": []
      }
    },
    {
      "name": "logistics-10k",
      "sampleElapsedMs": [
        14.324799999999868,
        10.371199999999817,
        9.198699999999917,
        9.955200000000104,
        10.838799999999992
      ],
      "stats": {
        "sampleCount": 5,
        "minElapsedMs": 9.198699999999917,
        "medianElapsedMs": 10.371199999999817,
        "maxElapsedMs": 14.324799999999868,
        "meanElapsedMs": 10.93773999999994
      },
      "invariants": {
        "sourceSlotCount": 10000,
        "destinationSlotCount": 100,
        "pawnCount": 100,
        "candidateCap": 8,
        "selectedCap": 1,
        "totalBucketCandidates": 5000,
        "visitedCandidates": 800,
        "selectedOffers": 100,
        "candidateCapHits": 100,
        "haulingJobs": 100,
        "deliveredJobs": 100,
        "finalActiveClaims": 0,
        "initialQuantity": 40000,
        "finalQuantity": 40000,
        "activeSupplySlots": 10100,
        "activeDemandSlots": 100,
        "dirtyBacklog": 0,
        "selectionChecksum": 1148929120,
        "quantityChecksum": 1647230824
      },
      "comparison": {
        "name": "logistics-10k",
        "status": "ok",
        "actualMedianElapsedMs": 10.371199999999817,
        "baselineMedianElapsedMs": 30,
        "regressionPercent": -65.42933333333394,
        "warnRegressionPercent": 10,
        "failRegressionPercent": 20,
        "invariantMismatches": []
      }
    },
    {
      "name": "m1-hauling-building-long-run",
      "sampleElapsedMs": [
        1.0657999999998538,
        0.7896999999998116,
        0.7768000000000939,
        1.332400000000007,
        0.707300000000032
      ],
      "stats": {
        "sampleCount": 5,
        "minElapsedMs": 0.707300000000032,
        "medianElapsedMs": 0.7896999999998116,
        "maxElapsedMs": 1.332400000000007,
        "meanElapsedMs": 0.9343999999999596
      },
      "invariants": {
        "scenarioId": "m1.hauling_building.road_lantern_frame.v1",
        "scenarioSeed": "1",
        "finalTick": 100000,
        "saveTick": 2400,
        "completedBuildingCount": 1,
        "idleSampleCount": 11,
        "idleFirstSampleTick": 2401,
        "idleLastSampleTick": 100000,
        "idleStateHashStable": true,
        "idleMaxDemandOfferCount": 0,
        "idleMaxBuildOfferCount": 0,
        "idleMaxActiveOfferCount": 0,
        "idleMaxActiveReservationCount": 0,
        "idleMaxRunningJobCount": 0,
        "finalWorldHash": "0xf7815189",
        "finalReadModelHash": "0x53fe1af9",
        "replayMatches": true,
        "saveRoundTripMatches": true,
        "noReservationLeaks": true,
        "noStaleEntityReferences": true,
        "noNegativeResources": true,
        "noQueueGrowth": true,
        "noHashDivergence": true,
        "materialConserved": true
      },
      "comparison": {
        "name": "m1-hauling-building-long-run",
        "status": "ok",
        "actualMedianElapsedMs": 0.7896999999998116,
        "baselineMedianElapsedMs": 10,
        "regressionPercent": -92.10300000000188,
        "warnRegressionPercent": 10,
        "failRegressionPercent": 20,
        "invariantMismatches": []
      }
    },
    {
      "name": "m2-pathing-invalidation",
      "sampleElapsedMs": [
        4.125200000000177,
        4.358500000000049,
        3.9743000000000848,
        3.8900999999998476,
        4.060799999999972
      ],
      "stats": {
        "sampleCount": 5,
        "minElapsedMs": 3.8900999999998476,
        "medianElapsedMs": 4.060799999999972,
        "maxElapsedMs": 4.358500000000049,
        "meanElapsedMs": 4.081780000000026
      },
      "invariants": {
        "scenarioId": "m2.work_logistics.lantern_yard.v1",
        "scenarioSeed": "2",
        "width": 40,
        "height": 24,
        "requestCount": 100,
        "staleProbeCount": 20,
        "processedRequests": 100,
        "acceptedResults": 80,
        "staleRejectedResults": 20,
        "reachedPaths": 68,
        "nodeExpansions": 25957,
        "queueBacklogPeak": 100,
        "finalQueueBacklog": 0,
        "pathChecksum": 1481150542
      },
      "comparison": {
        "name": "m2-pathing-invalidation",
        "status": "ok",
        "actualMedianElapsedMs": 4.060799999999972,
        "baselineMedianElapsedMs": 10,
        "regressionPercent": -59.39200000000028,
        "warnRegressionPercent": 10,
        "failRegressionPercent": 20,
        "invariantMismatches": []
      }
    },
    {
      "name": "m2-work-logistics-long-run",
      "sampleElapsedMs": [
        3.216799999999921,
        2.292699999999968,
        2.6453999999998814,
        2.2491999999999734,
        1.9985000000001492
      ],
      "stats": {
        "sampleCount": 5,
        "minElapsedMs": 1.9985000000001492,
        "medianElapsedMs": 2.292699999999968,
        "maxElapsedMs": 3.216799999999921,
        "meanElapsedMs": 2.4805199999999785
      },
      "invariants": {
        "scenarioId": "m2.work_logistics.lantern_yard.v1",
        "scenarioSeed": "2",
        "finalTick": 100000,
        "saveTick": 6000,
        "actorCount": 20,
        "completedBuildOrders": 4,
        "deliveredWood": 24,
        "deliveredStone": 12,
        "buildProgressTotal": 240,
        "materialDeliveryJobsCreated": 16,
        "materialDeliveryJobsCompleted": 16,
        "buildJobsCreated": 4,
        "buildJobsCompleted": 4,
        "demandOfferPeak": 8,
        "buildOfferPeak": 4,